-- MySQL Administrator dump 1.4
--
-- ------------------------------------------------------
-- Server version	5.0.45-community-nt


/*!40101 SET @OLD_CHARACTER_SET_CLIENT=@@CHARACTER_SET_CLIENT */;
/*!40101 SET @OLD_CHARACTER_SET_RESULTS=@@CHARACTER_SET_RESULTS */;
/*!40101 SET @OLD_COLLATION_CONNECTION=@@COLLATION_CONNECTION */;
/*!40101 SET NAMES utf8 */;

/*!40014 SET @OLD_UNIQUE_CHECKS=@@UNIQUE_CHECKS, UNIQUE_CHECKS=0 */;
/*!40014 SET @OLD_FOREIGN_KEY_CHECKS=@@FOREIGN_KEY_CHECKS, FOREIGN_KEY_CHECKS=0 */;
/*!40101 SET @OLD_SQL_MODE=@@SQL_MODE, SQL_MODE='NO_AUTO_VALUE_ON_ZERO' */;


--
-- Create schema jamwiki
--

CREATE DATABASE IF NOT EXISTS jamwiki;
USE jamwiki;

--
-- Definition of table `jam_authorities`
--

DROP TABLE IF EXISTS `jam_authorities`;
CREATE TABLE `jam_authorities` (
  `username` varchar(100) NOT NULL,
  `authority` varchar(30) NOT NULL,
  UNIQUE KEY `jam_u_auth` (`username`,`authority`),
  KEY `jam_i_auth_username` (`username`),
  KEY `jam_i_auth_authority` (`authority`),
  CONSTRAINT `jam_f_auth_username` FOREIGN KEY (`username`) REFERENCES `jam_users` (`username`),
  CONSTRAINT `jam_f_auth_authority` FOREIGN KEY (`authority`) REFERENCES `jam_role` (`role_name`)
) ENGINE=InnoDB DEFAULT CHARSET=utf8;

--
-- Dumping data for table `jam_authorities`
--

/*!40000 ALTER TABLE `jam_authorities` DISABLE KEYS */;
INSERT INTO `jam_authorities` (`username`,`authority`) VALUES 
 ('admin','ROLE_ADMIN'),
 ('admin','ROLE_SYSADMIN'),
 ('admin','ROLE_TRANSLATE');
/*!40000 ALTER TABLE `jam_authorities` ENABLE KEYS */;


--
-- Definition of table `jam_category`
--

DROP TABLE IF EXISTS `jam_category`;
CREATE TABLE `jam_category` (
  `child_topic_id` int(11) NOT NULL,
  `category_name` varchar(200) NOT NULL,
  `sort_key` varchar(200) default NULL,
  PRIMARY KEY  (`child_topic_id`,`category_name`),
  CONSTRAINT `jam_f_cat_child_id` FOREIGN KEY (`child_topic_id`) REFERENCES `jam_topic` (`topic_id`)
) ENGINE=InnoDB DEFAULT CHARSET=utf8;

--
-- Dumping data for table `jam_category`
--

/*!40000 ALTER TABLE `jam_category` DISABLE KEYS */;
/*!40000 ALTER TABLE `jam_category` ENABLE KEYS */;


--
-- Definition of table `jam_file`
--

DROP TABLE IF EXISTS `jam_file`;
CREATE TABLE `jam_file` (
  `file_id` int(11) NOT NULL,
  `virtual_wiki_id` int(11) NOT NULL,
  `file_name` varchar(200) NOT NULL,
  `delete_date` datetime default NULL,
  `file_read_only` int(11) NOT NULL default '0',
  `file_admin_only` int(11) NOT NULL default '0',
  `file_url` varchar(200) NOT NULL,
  `mime_type` varchar(100) NOT NULL,
  `topic_id` int(11) NOT NULL,
  `file_size` int(11) NOT NULL,
  PRIMARY KEY  (`file_id`),
  UNIQUE KEY `jam_u_file_url` (`file_url`),
  UNIQUE KEY `jam_u_file_topic` (`virtual_wiki_id`,`topic_id`),
  KEY `jam_f_file_topic` (`topic_id`),
  CONSTRAINT `jam_f_file_vwiki` FOREIGN KEY (`virtual_wiki_id`) REFERENCES `jam_virtual_wiki` (`virtual_wiki_id`),
  CONSTRAINT `jam_f_file_topic` FOREIGN KEY (`topic_id`) REFERENCES `jam_topic` (`topic_id`)
) ENGINE=InnoDB DEFAULT CHARSET=utf8;

--
-- Dumping data for table `jam_file`
--

/*!40000 ALTER TABLE `jam_file` DISABLE KEYS */;
/*!40000 ALTER TABLE `jam_file` ENABLE KEYS */;


--
-- Definition of table `jam_file_version`
--

DROP TABLE IF EXISTS `jam_file_version`;
CREATE TABLE `jam_file_version` (
  `file_version_id` int(11) NOT NULL,
  `file_id` int(11) NOT NULL,
  `upload_comment` varchar(200) default NULL,
  `file_url` varchar(200) NOT NULL,
  `wiki_user_id` int(11) default NULL,
  `wiki_user_ip_address` varchar(39) NOT NULL,
  `upload_date` timestamp NOT NULL default CURRENT_TIMESTAMP,
  `mime_type` varchar(100) NOT NULL,
  `file_size` int(11) NOT NULL,
  PRIMARY KEY  (`file_version_id`),
  UNIQUE KEY `jam_u_filev_url` (`file_url`),
  KEY `jam_f_filev_file` (`file_id`),
  KEY `jam_f_filev_wuser` (`wiki_user_id`),
  CONSTRAINT `jam_f_filev_file` FOREIGN KEY (`file_id`) REFERENCES `jam_file` (`file_id`),
  CONSTRAINT `jam_f_filev_wuser` FOREIGN KEY (`wiki_user_id`) REFERENCES `jam_wiki_user` (`wiki_user_id`)
) ENGINE=InnoDB DEFAULT CHARSET=utf8;

--
-- Dumping data for table `jam_file_version`
--

/*!40000 ALTER TABLE `jam_file_version` DISABLE KEYS */;
/*!40000 ALTER TABLE `jam_file_version` ENABLE KEYS */;


--
-- Definition of table `jam_group`
--

DROP TABLE IF EXISTS `jam_group`;
CREATE TABLE `jam_group` (
  `group_id` int(11) NOT NULL,
  `group_name` varchar(30) NOT NULL,
  `group_description` varchar(200) default NULL,
  PRIMARY KEY  (`group_id`),
  UNIQUE KEY `jam_u_group_name` (`group_name`)
) ENGINE=InnoDB DEFAULT CHARSET=utf8;

--
-- Dumping data for table `jam_group`
--

/*!40000 ALTER TABLE `jam_group` DISABLE KEYS */;
INSERT INTO `jam_group` (`group_id`,`group_name`,`group_description`) VALUES 
 (1,'GROUP_ANONYMOUS','All non-logged in users are automatically assigned to the anonymous group.'),
 (2,'GROUP_REGISTERED_USER','All logged in users are automatically assigned to the registered user group.');
/*!40000 ALTER TABLE `jam_group` ENABLE KEYS */;


--
-- Definition of table `jam_group_authorities`
--

DROP TABLE IF EXISTS `jam_group_authorities`;
CREATE TABLE `jam_group_authorities` (
  `group_id` int(11) NOT NULL,
  `authority` varchar(30) NOT NULL,
  UNIQUE KEY `jam_u_gauth` (`group_id`,`authority`),
  KEY `jam_i_gauth_group` (`group_id`),
  KEY `jam_i_gauth_authority` (`authority`),
  CONSTRAINT `jam_f_gauth_group` FOREIGN KEY (`group_id`) REFERENCES `jam_group` (`group_id`),
  CONSTRAINT `jam_f_gauth_authority` FOREIGN KEY (`authority`) REFERENCES `jam_role` (`role_name`)
) ENGINE=InnoDB DEFAULT CHARSET=utf8;

--
-- Dumping data for table `jam_group_authorities`
--

/*!40000 ALTER TABLE `jam_group_authorities` DISABLE KEYS */;
INSERT INTO `jam_group_authorities` (`group_id`,`authority`) VALUES 
 (1,'ROLE_EDIT_EXISTING'),
 (1,'ROLE_EDIT_NEW'),
 (1,'ROLE_UPLOAD'),
 (1,'ROLE_VIEW'),
 (2,'ROLE_EDIT_EXISTING'),
 (2,'ROLE_EDIT_NEW'),
 (2,'ROLE_MOVE'),
 (2,'ROLE_UPLOAD'),
 (2,'ROLE_VIEW');
/*!40000 ALTER TABLE `jam_group_authorities` ENABLE KEYS */;


--
-- Definition of table `jam_group_members`
--

DROP TABLE IF EXISTS `jam_group_members`;
CREATE TABLE `jam_group_members` (
  `id` int(11) NOT NULL,
  `username` varchar(100) NOT NULL,
  `group_id` int(11) NOT NULL,
  PRIMARY KEY  (`id`),
  KEY `jam_f_gmemb_username` (`username`),
  KEY `jam_f_gmemb_group` (`group_id`),
  CONSTRAINT `jam_f_gmemb_username` FOREIGN KEY (`username`) REFERENCES `jam_users` (`username`),
  CONSTRAINT `jam_f_gmemb_group` FOREIGN KEY (`group_id`) REFERENCES `jam_group` (`group_id`)
) ENGINE=InnoDB DEFAULT CHARSET=utf8;

--
-- Dumping data for table `jam_group_members`
--

/*!40000 ALTER TABLE `jam_group_members` DISABLE KEYS */;
INSERT INTO `jam_group_members` (`id`,`username`,`group_id`) VALUES 
 (1,'admin',2);
/*!40000 ALTER TABLE `jam_group_members` ENABLE KEYS */;


--
-- Definition of table `jam_recent_change`
--

DROP TABLE IF EXISTS `jam_recent_change`;
CREATE TABLE `jam_recent_change` (
  `topic_version_id` int(11) NOT NULL,
  `previous_topic_version_id` int(11) default NULL,
  `topic_id` int(11) NOT NULL,
  `topic_name` varchar(200) NOT NULL,
  `edit_date` timestamp NOT NULL default CURRENT_TIMESTAMP,
  `edit_comment` varchar(200) default NULL,
  `wiki_user_id` int(11) default NULL,
  `display_name` varchar(200) NOT NULL,
  `edit_type` int(11) NOT NULL,
  `virtual_wiki_id` int(11) NOT NULL,
  `virtual_wiki_name` varchar(100) NOT NULL,
  `characters_changed` int(11) default NULL,
  PRIMARY KEY  (`topic_version_id`),
  KEY `jam_f_rc_p_topic_v` (`previous_topic_version_id`),
  KEY `jam_f_rc_topic` (`topic_id`),
  KEY `jam_f_rc_wuser` (`wiki_user_id`),
  KEY `jam_f_rc_vwiki` (`virtual_wiki_id`),
  CONSTRAINT `jam_f_rc_topic_ver` FOREIGN KEY (`topic_version_id`) REFERENCES `jam_topic_version` (`topic_version_id`),
  CONSTRAINT `jam_f_rc_p_topic_v` FOREIGN KEY (`previous_topic_version_id`) REFERENCES `jam_topic_version` (`topic_version_id`),
  CONSTRAINT `jam_f_rc_topic` FOREIGN KEY (`topic_id`) REFERENCES `jam_topic` (`topic_id`),
  CONSTRAINT `jam_f_rc_wuser` FOREIGN KEY (`wiki_user_id`) REFERENCES `jam_wiki_user` (`wiki_user_id`),
  CONSTRAINT `jam_f_rc_vwiki` FOREIGN KEY (`virtual_wiki_id`) REFERENCES `jam_virtual_wiki` (`virtual_wiki_id`)
) ENGINE=InnoDB DEFAULT CHARSET=utf8;

--
-- Dumping data for table `jam_recent_change`
--

/*!40000 ALTER TABLE `jam_recent_change` DISABLE KEYS */;
INSERT INTO `jam_recent_change` (`topic_version_id`,`previous_topic_version_id`,`topic_id`,`topic_name`,`edit_date`,`edit_comment`,`wiki_user_id`,`display_name`,`edit_type`,`virtual_wiki_id`,`virtual_wiki_name`,`characters_changed`) VALUES 
 (1,NULL,1,'StartingPoints','2009-06-16 15:13:06','Automatically created by system setup',1,'admin',1,1,'en',1439),
 (2,NULL,2,'LeftMenu','2009-06-16 15:13:06','Automatically created by system setup',1,'admin',1,1,'en',354),
 (3,NULL,3,'BottomArea','2009-06-16 15:13:06','Automatically created by system setup',1,'admin',1,1,'en',73),
 (4,NULL,4,'StyleSheet','2009-06-16 15:13:06','Automatically created by system setup',1,'admin',1,1,'en',7900),
 (5,NULL,5,'HelloWorld','2009-06-16 15:13:53','',NULL,'127.0.0.1',1,1,'en',12),
 (6,5,5,'HelloWorld','2009-06-16 15:19:14','',1,'admin',1,1,'en',20),
 (7,6,5,'HelloWorld','2009-06-16 15:20:09','',NULL,'127.0.0.1',1,1,'en',18);
/*!40000 ALTER TABLE `jam_recent_change` ENABLE KEYS */;


--
-- Definition of table `jam_role`
--

DROP TABLE IF EXISTS `jam_role`;
CREATE TABLE `jam_role` (
  `role_name` varchar(30) NOT NULL,
  `role_description` varchar(200) default NULL,
  PRIMARY KEY  (`role_name`)
) ENGINE=InnoDB DEFAULT CHARSET=utf8;

--
-- Dumping data for table `jam_role`
--

/*!40000 ALTER TABLE `jam_role` DISABLE KEYS */;
INSERT INTO `jam_role` (`role_name`,`role_description`) VALUES 
 ('ROLE_ADMIN','Provides the ability to perform wiki maintenance tasks not available to normal users.'),
 ('ROLE_EDIT_EXISTING','Allows a user to edit an existing topic.'),
 ('ROLE_EDIT_NEW','Allows a user to create a new topic.'),
 ('ROLE_MOVE','Allows a user to move a topic to a different name.'),
 ('ROLE_SYSADMIN','Allows access to set database parameters, modify parser settings, and set other wiki system settings.'),
 ('ROLE_TRANSLATE','Allows access to the translation tool used for modifying the values of message keys used to display text on the wiki.'),
 ('ROLE_UPLOAD','Allows a user to upload a file to the wiki.'),
 ('ROLE_VIEW','Allows a user to view topics on the wiki.');
/*!40000 ALTER TABLE `jam_role` ENABLE KEYS */;


--
-- Definition of table `jam_topic`
--

DROP TABLE IF EXISTS `jam_topic`;
CREATE TABLE `jam_topic` (
  `topic_id` int(11) NOT NULL auto_increment,
  `virtual_wiki_id` int(11) NOT NULL,
  `topic_name` varchar(200) NOT NULL,
  `delete_date` datetime default NULL,
  `topic_read_only` int(11) NOT NULL default '0',
  `topic_admin_only` int(11) NOT NULL default '0',
  `current_version_id` int(11) default NULL,
  `topic_type` int(11) NOT NULL,
  `redirect_to` varchar(200) default NULL,
  PRIMARY KEY  (`topic_id`),
  UNIQUE KEY `jam_u_topic_id` (`topic_id`),
  UNIQUE KEY `jam_u_topic_name` (`topic_name`,`virtual_wiki_id`,`delete_date`),
  KEY `jam_f_topic_vwiki` (`virtual_wiki_id`),
  KEY `jam_f_topic_topicv` (`current_version_id`)
) ENGINE=InnoDB AUTO_INCREMENT=6 DEFAULT CHARSET=utf8 PACK_KEYS=0;

--
-- Dumping data for table `jam_topic`
--

/*!40000 ALTER TABLE `jam_topic` DISABLE KEYS */;
INSERT INTO `jam_topic` (`topic_id`,`virtual_wiki_id`,`topic_name`,`delete_date`,`topic_read_only`,`topic_admin_only`,`current_version_id`,`topic_type`,`redirect_to`) VALUES 
 (1,1,'StartingPoints',NULL,0,0,1,1,NULL),
 (2,1,'LeftMenu',NULL,0,1,2,1,NULL),
 (3,1,'BottomArea',NULL,0,1,3,1,NULL),
 (4,1,'StyleSheet',NULL,0,1,4,1,NULL),
 (5,1,'HelloWorld',NULL,0,0,7,1,NULL);
/*!40000 ALTER TABLE `jam_topic` ENABLE KEYS */;


--
-- Definition of table `jam_topic_version`
--

DROP TABLE IF EXISTS `jam_topic_version`;
CREATE TABLE `jam_topic_version` (
  `topic_version_id` int(11) NOT NULL auto_increment,
  `topic_id` int(11) NOT NULL,
  `edit_comment` varchar(200) character set utf8 default NULL,
  `version_content` longblob,
  `version_content_clean` longtext character set utf8,
  `version_content_short` text character set utf8,
  `wiki_user_id` int(11) default NULL,
  `wiki_user_ip_address` varchar(39) character set utf8 NOT NULL,
  `edit_date` timestamp NOT NULL default CURRENT_TIMESTAMP,
  `edit_type` int(11) NOT NULL,
  `previous_topic_version_id` int(11) default NULL,
  `characters_changed` int(11) default NULL,
  PRIMARY KEY  (`topic_version_id`),
  UNIQUE KEY `jam_u_topicv_id` (`topic_version_id`),
  KEY `jam_f_topicv_topic` (`topic_id`),
  KEY `jam_f_topicv_wuser` (`wiki_user_id`),
  KEY `jam_f_topicv_pver` (`previous_topic_version_id`)
) ENGINE=InnoDB AUTO_INCREMENT=8 DEFAULT CHARSET=utf8 COLLATE=utf8_bin PACK_KEYS=0;

--
-- Dumping data for table `jam_topic_version`
--

/*!40000 ALTER TABLE `jam_topic_version` DISABLE KEYS */;
INSERT INTO `jam_topic_version` (`topic_version_id`,`topic_id`,`edit_comment`,`version_content`,`version_content_clean`,`version_content_short`,`wiki_user_id`,`wiki_user_ip_address`,`edit_date`,`edit_type`,`previous_topic_version_id`,`characters_changed`) VALUES 
 (1,1,'Automatically created by system setup',0x3C646976207374796C653D22746578742D616C69676E3A63656E7465723B666F6E742D7765696768743A626F6C643B636F6C6F723A677265656E3B666F6E742D73697A653A31353025223E4A414D57696B6920686173206265656E207375636365737366756C6C7920696E7374616C6C6564213C2F6469763E0A0A596F752063616E206564697420616E79207061676520627920636C69636B696E672074686520224564697422207461622061742074686520746F70206F662074686520706167652E2020436F6E66696775726174696F6E2073657474696E677320666F72207468697320696E7374616C6C6174696F6E206D6179206265206D6F6469666965642066726F6D20746865205B5B5370656369616C3A41646D696E5D5D20706167652E2020496E206164646974696F6E2C20746865736520746F706963732063616E206265207570646174656420746F206368616E676520746865206C6F6F6B20616E64206665656C206F6620796F75722057696B693A0A0A2A205B5B4C6566744D656E755D5D202D20546865206C656674206E617669676174696F6E206D656E7520746861742061707065617273206F6E20657665727920706167652E0A2A205B5B426F74746F6D417265615D5D202D2054686520666F6F74657220746861742061707065617273206F6E20657665727920706167652E0A2A205B5B5374796C6553686565745D5D202D20546865207374796C657368656574207468617420636F6E7461696E7320435353207374796C6520696E666F726D6174696F6E20666F722074686520736974652E0A0A46696E616C6C792C20706C6561736520636F6E7472696275746520746F20746865204A414D57696B692070726F6A656374206279207265706F7274696E67207468652073756363657373206F72206661696C757265206F6620796F757220696E7374616C6C6174696F6E206174205B687474703A2F2F6A616D77696B692E6F72672F206A616D77696B692E6F72675D2E2020466565646261636B2C207175657374696F6E7320616E6420627567207265706F7274732073686F756C6420616C736F206265206C656674206174205B687474703A2F2F6A616D77696B692E6F72672F206A616D696B692E6F72675D20736F2074686174204A414D57696B692063616E20636F6E74696E756520746F20696D70726F76652E2020496E206164646974696F6E2C205B687474703A2F2F6A616D77696B692E6F72672F206A616D77696B692E6F72675D20616C736F2068617320746865206C6174657374204A414D57696B6920646F63756D656E746174696F6E20696E636C7564696E6720696E737472756374696F6E7320666F722066757274686572206375736F6D697A696E6720796F757220696E7374616C6C6174696F6E2E0A0A536F6D65206F746865722075736566756C2066756E6374696F6E733A0A0A2A205B5B5370656369616C3A526563656E744368616E6765735D5D202D2041206C697374206F6620726563656E746C79206D6F6469666965642057696B6920746F706963732E0A2A205B5B5370656369616C3A55706C6F61645D5D202D205573656420746F2075706C6F61642066696C657320616E6420696D6167657320746F207468652057696B692E0A2A205B5B5370656369616C3A5365617263685D5D202D20536561726368207468652057696B692E0A2A205B5B5370656369616C3A4163636F756E745D5D202D2043726561746520616E206163636F756E7420736F2074686174206564697473206172652070726F706572746C792063726564697465642E0A2A205B5B5370656369616C3A416C6C70616765735D5D202D2041206C697374206F6620616C6C2074686520746F7069637320696E207468652057696B692E0A2A205B5B5370656369616C3A5370656369616C70616765735D5D202D20416E20696E646578206F662077696B6920225370656369616C222070616765732E0A,NULL,NULL,1,'127.0.0.1','2009-06-16 15:13:06',1,NULL,1439),
 (2,2,'Automatically created by system setup',0x2A205B5B5374617274696E67506F696E74737C5374617274696E67506F696E74735D5D0A2A205B5B5370656369616C3A526563656E744368616E6765737C526563656E74204368616E6765735D5D0A2A205B5B5370656369616C3A5365617263687C5365617263685D5D0A2D2D2D2D0A2A205B5B5370656369616C3A416C6C70616765737C416C6C2050616765735D5D0A2A205B5B5370656369616C3A5370656369616C70616765737C5370656369616C2050616765735D5D0A2A205B5B5370656369616C3A55706C6F61647C55706C6F61642046696C655D5D0A2D2D2D2D0A2A205B687474703A2F2F6A616D77696B692E6F72672F204A414D57696B695D0A2A205B687474703A2F2F736F75726365666F7267652E6E65742F70726F6A656374732F6A616D77696B692F20536F75726365666F72676520506167655D0A2A205B687474703A2F2F6D6564696177696B692E6F72672F204D6564696157696B695D0A,NULL,NULL,1,'127.0.0.1','2009-06-16 15:13:06',1,NULL,354),
 (3,3,'Automatically created by system setup',0x3C666F6E742073697A653D222D33223E416C6C20636F6E74656E747320636F70797269676874206F662074686520617574686F722E2026636F70793B323030392E3C2F666F6E743E0A,NULL,NULL,1,'127.0.0.1','2009-06-16 15:13:06',1,NULL,73),
 (4,4,'Automatically created by system setup',0x2F2A20626C7565207468656D65202A2F0A0A2F2A2064656661756C7473202A2F0A0A626F6479207B0A096261636B67726F756E643A20236639663966392075726C282E2E2F696D616765732F64656E616C6962672E6A70672920302030206E6F2D7265706561743B0A09636F6C6F723A20626C61636B3B0A096D617267696E3A20303B0A0970616464696E673A20303B0A7D0A626F64792C20696E7075742C2073656C656374207B0A09666F6E743A203935252073616E732D73657269662C207461686F6D613B0A7D0A61207B0A09746578742D6465636F726174696F6E3A206E6F6E653B0A09636F6C6F723A20233535353562623B0A7D0A613A686F766572207B0A09626F726465722D626F74746F6D3A2031707820646F7474656420233535353562623B0A7D0A612E6C6F676F207B0A09626F726465723A20303B0A7D0A612E65787465726E616C6C696E6B3A6166746572207B0A09636F6E74656E743A75726C28222E2E2F696D616765732F65787465726E616C2E706E6722293B0A7D0A612E65646974207B0A09636F6C6F723A20236161313131313B0A09626F726465722D636F6C6F723A20236161313131313B0A7D0A612E656469743A686F766572207B0A09626F726465722D626F74746F6D3A2031707820646F7474656420236161313131313B0A7D0A612E7265646972656374207B0A09666F6E742D73697A653A20313530253B0A09746578742D6465636F726174696F6E3A206E6F6E653B0A096D617267696E2D6C6566743A20323070783B0A7D0A612E72656469726563743A6265666F7265207B0A09636F6E74656E743A75726C28222E2E2F696D616765732F72656469726563742D6172726F772E706E6722293B0A7D0A612E696E74657277696B693A6166746572207B0A09636F6E74656E743A75726C28222E2E2F696D616765732F65787465726E616C2E706E6722293B0A7D0A70207B0A096D617267696E3A202E34656D2030202E35656D20303B0A096C696E652D6865696768743A20312E35656D3B0A7D0A68312C2068322C2068332C2068342C206835207B0A09636F6C6F723A20626C61636B3B0A096D617267696E3A20303B0A0970616464696E673A20302E35656D2030656D20302E32656D2030656D3B0A09746578742D616C69676E3A206C6566743B0A7D0A6831207B0A09626F726465722D626F74746F6D3A2031707820736F6C696420234438443845373B0A09666F6E742D73697A653A20323030253B0A09666F6E742D7765696768743A206E6F726D616C3B0A7D0A6832207B0A09626F726465722D626F74746F6D3A2031707820736F6C696420234438443845373B0A09666F6E742D73697A653A20313735253B0A09666F6E742D7765696768743A206E6F726D616C3B0A7D0A6833207B0A09666F6E742D73697A653A20313530253B0A09666F6E742D7765696768743A206E6F726D616C3B0A7D0A6834207B0A09666F6E742D73697A653A20313235253B0A09666F6E742D7765696768743A20626F6C643B0A7D0A6835207B0A09666F6E742D73697A653A20313130253B0A09666F6E742D7765696768743A20626F6C643B0A7D0A707265207B0A096261636B67726F756E642D636F6C6F723A20234642464246443B0A09626F726465723A203170782064617368656420233745374543423B0A09636F6C6F723A20626C61636B3B0A09666F6E742D73697A653A20313130253B0A096C696E652D6865696768743A20312E31656D3B0A0970616464696E673A2031656D3B0A7D0A636F6465207B0A09636F6C6F723A20626C61636B3B0A09666F6E742D73697A653A20313230253B0A7D0A6474207B0A09666F6E742D7765696768743A20626F6C643B0A096D617267696E2D626F74746F6D3A202E31656D3B0A7D0A646C207B0A096D617267696E2D746F703A202E32656D3B0A096D617267696E2D626F74746F6D3A202E35656D3B0A7D0A6464207B0A096C696E652D6865696768743A20312E35656D3B0A096D617267696E2D6C6566743A2032656D3B0A096D617267696E2D626F74746F6D3A202E31656D3B0A7D0A756C207B0A096C696E652D6865696768743A20312E35656D3B0A096C6973742D7374796C652D747970653A207371756172653B0A096D617267696E3A202E33656D2030203020312E35656D3B0A0970616464696E673A20303B0A7D0A6F6C207B0A096C696E652D6865696768743A20312E35656D3B0A096D617267696E3A202E33656D2030203020332E32656D3B0A0970616464696E673A20303B0A096C6973742D7374796C652D696D6167653A206E6F6E653B0A7D0A6C69207B0A096D617267696E2D626F74746F6D3A202E31656D3B0A7D0A7465787461726561207B0A0977696474683A203939253B0A7D0A6669656C64736574207B0A0970616464696E673A203570783B0A09626F726465723A2031707820736F6C696420234438443845373B0A7D0A6C6567656E64207B0A0970616464696E673A20302E35656D3B0A09666F6E742D7765696768743A20626F6C643B0A7D0A2E726564207B0A09666F6E742D7765696768743A20626F6C643B0A09636F6C6F723A20236666303030303B0A7D0A2E677265656E207B0A09666F6E742D7765696768743A20626F6C643B0A09636F6C6F723A20233030393930303B0A7D0A6469762E6D657373616765207B0A096D617267696E3A20312E35656D203020312E35656D20303B0A0970616464696E673A2030203570783B0A7D0A6469762E7375626D656E75207B0A096D617267696E3A20312E30656D2036656D20302E38656D2036656D3B0A09746578742D616C69676E3A2063656E7465723B0A7D0A2E636C656172207B0A09636C6561723A20626F74683B0A7D0A0A2F2A20676C6F62616C20706F736974696F6E696E67202A2F0A0A2377696B692D70616765207B0A09666F6E742D73697A653A20313030253B0A09636F6C6F723A20626C61636B3B0A0970616464696E673A2030203570783B0A7D0A2377696B692D6E617669676174696F6E207B0A09706F736974696F6E3A206162736F6C7574653B0A09746F703A203570783B0A096C6566743A203570783B0A09666F6E742D73697A653A203930253B0A0970616464696E673A20357078203570782035707820303B0A09766572746963616C2D616C69676E3A20746F703B0A0977696474683A2031383070783B0A7D0A2377696B692D636F6E74656E74207B0A09706F736974696F6E3A2072656C61746976653B0A096D617267696E2D6C6566743A2031383570783B0A09666F6E742D73697A653A203830253B0A09766572746963616C2D616C69676E3A20746F703B0A7D0A2377696B692D666F6F746572207B0A09636C6561723A20626F74683B0A09666F6E742D73697A653A203830253B0A09636F6C6F723A20677261793B0A0970616464696E673A203135707820302035707820303B0A09746578742D616C69676E3A2072696768743B0A7D0A0A2F2A206D61696E20636F6E74656E742061726561202A2F0A0A23636F6E74656E7473207B0A096261636B67726F756E643A2077686974653B0A0970616464696E673A20313470783B0A0970616464696E672D626F74746F6D3A20323570783B0A09626F726465723A2031707820736F6C696420234438443845373B0A7D0A23636F6E74656E74732D686561646572207B0A096D617267696E2D626F74746F6D3A20302E31656D3B0A7D0A23636F6E74656E74732D737562686561646572207B0A09666F6E742D73697A653A20313030253B0A096C696E652D6865696768743A20312E32656D3B0A096D617267696E3A2030203020312E34656D2031656D3B0A09636F6C6F723A20233764376437643B0A0977696474683A206175746F3B0A7D0A0A2F2A206E617662617220656C656D656E7473202A2F0A0A236C6F676F207B0A09626F726465723A20303B0A096D617267696E3A203870782030203020303B0A09746578742D616C69676E3A2063656E7465723B0A09766572746963616C2D616C69676E3A206D6964646C653B0A7D0A236E61762D6D656E75207B0A096261636B67726F756E643A2077686974653B0A09626F726465723A2031707820736F6C696420234438443845373B0A09626F726465722D626F74746F6D3A20303B0A09666F6E742D73697A653A203930253B0A096D617267696E3A2032707820302038707820303B0A7D0A236E61762D6D656E75206872207B0A09646973706C61793A206E6F6E653B0A7D0A236E61762D6D656E7520756C207B0A0970616464696E673A203870783B0A096C6973742D7374796C652D747970653A206E6F6E653B0A09626F726465722D626F74746F6D3A2031707820736F6C696420234438443845373B0A096D617267696E2D6C6566743A20303B0A7D0A236E61762D736561726368207B0A096261636B67726F756E643A2077686974653B0A096D617267696E3A203138707820302038707820303B0A0970616464696E673A203870783B0A0970616464696E672D746F703A20303B0A09746578742D616C69676E3A2063656E7465723B0A09626F726465723A2031707820736F6C696420234438443845373B0A7D0A236E61762D73656172636820666F726D207B0A0970616464696E673A20303B0A096D617267696E3A20303B0A7D0A236E61762D736561726368206272207B0A0970616464696E672D746F703A203470783B0A7D0A236E61762D73656172636820696E707574207B0A096D617267696E2D746F703A203870783B0A096261636B67726F756E642D636F6C6F723A2077686974653B0A09626F726465723A2031707820736F6C696420234438443845373B0A7D0A0A2F2A20646966662070616765202A2F0A0A2E646966662D64656C657465207B0A09666C6F61743A206C6566743B0A09706F736974696F6E3A2072656C61746976653B0A096261636B67726F756E643A20236565656538383B0A09666F6E742D7765696768743A20626F6C643B0A0970616464696E673A20302E31656D3B0A0977696474683A203438253B0A096F766572666C6F773A2068696464656E3B0A7D0A2E646966662D616464207B0A09666C6F61743A206C6566743B0A09706F736974696F6E3A2072656C61746976653B0A096261636B67726F756E643A20233838656538383B0A09666F6E742D7765696768743A20626F6C643B0A0970616464696E673A20302E31656D3B0A0977696474683A203438253B0A096F766572666C6F773A2068696464656E3B0A7D0A2E646966662D756E6368616E676564207B0A09666C6F61743A206C6566743B0A09706F736974696F6E3A2072656C61746976653B0A096261636B67726F756E643A20236464646464643B0A0970616464696E673A20302E31656D3B0A0977696474683A203438253B0A096F766572666C6F773A2068696464656E3B0A7D0A2E646966662D696E64696361746F72207B0A09666C6F61743A206C6566743B0A09706F736974696F6E3A2072656C61746976653B0A09666F6E742D7765696768743A20626F6C643B0A0970616464696E673A20302E31656D3B0A09746578742D616C69676E3A2072696768743B0A0977696474683A203770783B0A7D0A2E646966662D6C696E65207B0A09636C6561723A20626F74683B0A0970616464696E673A20302E35656D20302E31656D20302E31656D20302E31656D3B0A09666F6E742D7765696768743A20626F6C643B0A7D0A2E646966662D656E747279207B0A09636C6561723A20626F74683B0A096D617267696E3A203170783B0A0970616464696E673A203170783B0A7D0A2E646966662D6368616E6765207B0A09666F6E742D7765696768743A20626F6C643B0A09636F6C6F723A207265643B0A7D0A0A2F2A20746F70696320656C656D656E7473202A2F0A0A23746F63207B0A09626F726465723A2031707820736F6C696420234438443845373B0A096D617267696E3A20302E32656D206175746F20302E32656D2030656D3B0A0970616464696E673A20302E35656D20302E38656D20302E35656D20302E38656D3B0A096261636B67726F756E642D636F6C6F723A20236666663B0A7D0A23746F6320756C207B0A096C6973742D7374796C652D747970653A206E6F6E653B0A096C6973742D7374796C652D696D6167653A206E6F6E653B0A096D617267696E2D6C6566743A20303B0A7D0A23746F6320756C20756C207B0A096D617267696E2D6C6566743A2031656D3B0A7D0A2363617465676F72792D696E646578207B0A09626F726465723A2031707820736F6C696420236161613B0A096261636B67726F756E642D636F6C6F723A20236639663966393B0A0970616464696E673A2031307078203570782031307078203570783B0A096D617267696E2D746F703A2031656D3B0A09636C6561723A20626F74683B0A7D0A23746F7069632D66696C652D646F776E6C6F6164207B0A09626F726465723A2031707820736F6C696420236161613B0A096261636B67726F756E642D636F6C6F723A20236639663966393B0A0970616464696E673A2031307078203570782031307078203570783B0A096D617267696E2D746F703A2031656D3B0A09636C6561723A20626F74683B0A7D0A0A2F2A20746162206D656E75202A2F0A0A237461622D6D656E75207B0A0970616464696E673A20303B0A096D617267696E3A20303B0A096D617267696E2D6C6566743A203670783B0A7D0A237461622D6D656E75202E7461622D6974656D207B0A09666C6F61743A206C6566743B0A096261636B67726F756E643A2077686974653B0A09636F6C6F723A20626C75653B0A09626F726465723A2031707820736F6C696420234438443845373B0A09626F726465722D626F74746F6D3A206E6F6E653B0A0970616464696E673A20302E32656D20302E35656D20302E32656D20302E35656D3B0A096D617267696E3A20303B0A096D617267696E2D72696768743A203670783B0A09666F6E742D73697A653A203835253B0A09746578742D616C69676E3A2063656E7465723B0A7D0A0A2F2A2075736572206D656E75202A2F0A0A23757365722D6D656E75207B0A09666C6F61743A2072696768743B0A096D617267696E2D72696768743A2032656D3B0A0970616464696E673A20303B0A09746578742D616C69676E3A2063656E7465723B0A7D0A23757365722D6D656E75206C69207B0A09646973706C61793A20696E6C696E653B0A096C6973742D7374796C652D747970653A206E6F6E653B0A0970616464696E673A203020302E38656D3B0A09666F6E742D73697A653A203930253B0A7D0A0A2F2A20666F6F746572202A2F0A0A2377696B692D666F6F7465722068722C202377696B692D666F6F746572206272207B0A09646973706C61793A206E6F6E653B0A7D0A0A2F2A20726563656E74206368616E6765732C207573657220636F6E747269627574696F6E732C20686973746F7279202A2F0A0A6C692E6D696E6F726368616E6765207B0A09636F6C6F723A20233737373737373B0A7D0A6C692E7374616E646172646368616E6765207B0A09636F6C6F723A20626C61636B3B0A7D0A6C692E64656C6574656368616E6765207B0A09636F6C6F723A20233737303030303B0A7D0A6C692E6D6F76656368616E6765207B0A09636F6C6F723A20233737373737373B0A7D0A6C692E756E64656C6574656368616E6765207B0A09636F6C6F723A20233030373737373B0A7D0A7370616E2E656469742D636F6D6D656E74207B0A09746578742D6465636F726174696F6E3A206974616C69633B0A7D0A7370616E2E73656374696F6E2D6C696E6B207B0A09636F6C6F723A20233939393B0A7D0A7370616E2E73656374696F6E2D6C696E6B2061207B0A09636F6C6F723A20233333333B0A7D0A0A2F2A20746F706963207061676573202A2F0A0A23636F6E74656E742D61727469636C65207B0A0970616464696E673A20313070782030203130707820303B0A7D0A23636F6E74656E742D61727469636C6520707265207B0A096F766572666C6F773A2068696464656E3B0A7D0A2E6564697473656374696F6E207B0A09666F6E742D73697A653A203637253B0A09666C6F61743A2072696768743B0A096D617267696E2D6C6566743A203570783B0A09706F736974696F6E3A2072656C61746976653B0A7D0A0A2F2A20696D61676573202A2F0A0A696D672E77696B69696D67207B0A09626F726465723A20303B0A7D0A612E77696B69696D67207B0A09626F726465723A20303B0A7D0A6469762E696D6763617074696F6E207B0A0970616464696E673A20302E33656D2030656D20302E32656D2030656D3B0A7D0A6469762E696D676C656674207B0A09666C6F61743A206C6566743B0A096D617267696E3A20302E33656D20302E33656D20302E33656D2030656D3B0A7D0A6469762E696D677269676874207B0A09666C6F61743A2072696768743B0A096D617267696E3A20302E33656D2030656D20302E33656D20302E33656D3B0A7D0A6469762E696D6763656E746572207B0A09746578742D616C69676E3A2063656E7465723B0A096D617267696E3A20302E33656D2030656D20302E33656D2030656D3B0A7D0A6469762E696D677468756D62207B0A09626F726465723A2031707820736F6C696420236262626262623B0A0970616464696E673A20302E33656D3B0A09706F736974696F6E3A2072656C61746976653B0A7D0A7461626C652E67616C6C657279207B0A09626F726465723A2031707820736F6C696420236363633B0A096D617267696E3A203270783B0A0970616464696E673A203270783B0A096261636B67726F756E642D636F6C6F723A2077686974653B0A7D0A7461626C652E67616C6C657279207472207B0A09766572746963616C2D616C69676E3A206D6964646C653B0A7D0A7461626C652E67616C6C657279207464207B0A096261636B67726F756E642D636F6C6F723A20236639663966393B0A09626F726465723A20736F6C6964203270782077686974653B0A09746578742D616C69676E3A2063656E7465723B0A09766572746963616C2D616C69676E3A206D6964646C653B0A0977696474683A202031353070783B0A7D0A696D672E67616C6C657279207B0A09626F726465723A2031707820736F6C696420236262626262623B0A0970616464696E673A20302E33656D3B0A7D0A23746F6F6C6261722061207B0A09626F726465723A206E6F6E653B0A09746578742D6465636F726174696F6E3A206E6F6E653B0A7D0A23746F6F6C626172206120696D67207B0A0970616464696E673A20303B0A096D617267696E3A203020317078203020303B0A09626F726465723A2031707820736F6C696420233745374543423B0A7D0A23746F6F6C626172206120696D673A686F766572207B0A09626F726465722D636F6C6F723A20234438443845373B0A7D0A0A2F2A2073656172636820726573756C7473202A2F0A0A2E686967686C69676874207B0A096261636B67726F756E643A79656C6C6F773B0A7D0A2E736561726368726573756C74207B0A096261636B67726F756E642D636F6C6F723A20236463646364633B0A096D617267696E3A2031656D2030203020303B0A7D0A2E73656172636873756D6D617279207B0A096D617267696E3A20302E35656D203020302E37656D20303B0A7D0A23736561726368706F776572207B0A09666F6E742D73697A653A203930253B0A09666F6E742D7374796C653A206974616C69633B0A096D617267696E3A2031656D20302031656D20303B0A7D0A2373656172636868696E7473207B0A096D617267696E3A20312E35656D203020312E35656D20303B0A7D0A0A2F2A20666F726D207374796C6573202A2F0A0A2E666F726D656E747279207B0A0977696474683A203939253B0A0970616464696E673A20337078203570783B0A09636C6561723A20626F74683B0A7D0A2E666F726D63617074696F6E207B0A09666C6F61743A206C6566743B0A0977696474683A2032353070783B0A09666F6E742D7765696768743A20626F6C643B0A0970616464696E672D72696768743A20313070783B0A7D0A2E666F726D63617074696F6E2D6D656469756D207B0A09666C6F61743A206C6566743B0A0977696474683A2031373070783B0A09666F6E742D7765696768743A20626F6C643B0A0970616464696E672D72696768743A20313070783B0A7D0A2E666F726D63617074696F6E2D736D616C6C207B0A09666C6F61743A206C6566743B0A0977696474683A20393070783B0A09666F6E742D7765696768743A20626F6C643B0A0970616464696E672D72696768743A20313070783B0A7D0A2E666F726D656C656D656E74207B0A7D0A2E666F726D68656C70207B0A09666F6E742D73697A653A203835253B0A09636F6C6F723A20233566356635663B0A09636C6561723A20626F74683B0A7D0A2E6C696768746267207B0A096261636B67726F756E642D636F6C6F723A20236666666666663B0A7D0A2E6D656469756D6267207B0A096261636B67726F756E642D636F6C6F723A20236539653966383B0A7D0A2E6461726B6267207B0A096261636B67726F756E642D636F6C6F723A20236438643865373B0A7D0A2E7472616E736C6174696F6E456C656D656E74207B0A09666C6F61743A206C6566743B0A09766572746963616C2D616C69676E3A20746F703B0A0970616464696E673A203370783B0A0977696474683A203439253B0A096F766572666C6F773A2068696464656E3B0A7D0A74657874617265612E7472616E736C6174696F6E207B0A0977696474683A20313030253B0A096F766572666C6F773A6175746F3B0A096865696768743A35656D3B0A7D0A74657874617265612E6D656469756D207B0A0977696474683A2034303070783B0A096865696768743A20363070783B0A7D0A,NULL,NULL,1,'127.0.0.1','2009-06-16 15:13:06',1,NULL,7900),
 (5,5,'',0x48656C6C6F20576F726C6421,NULL,NULL,NULL,'127.0.0.1','2009-06-16 15:13:53',1,NULL,12),
 (6,5,'',0x48656C6C6F20576F726C64210A0A27272748656C6C6F20576F726C6421272727,NULL,NULL,1,'127.0.0.1','2009-06-16 15:19:14',1,5,20),
 (7,5,'',0x48656C6C6F20576F726C64210A0A27272748656C6C6F20576F726C64212727270A0A272748656C6C6F20576F726C64212727,NULL,NULL,NULL,'127.0.0.1','2009-06-16 15:20:09',1,6,18);
/*!40000 ALTER TABLE `jam_topic_version` ENABLE KEYS */;


--
-- Definition of table `jam_users`
--

DROP TABLE IF EXISTS `jam_users`;
CREATE TABLE `jam_users` (
  `username` varchar(100) NOT NULL,
  `password` varchar(100) NOT NULL,
  `enabled` int(11) NOT NULL default '1',
  PRIMARY KEY  (`username`)
) ENGINE=InnoDB DEFAULT CHARSET=utf8;

--
-- Dumping data for table `jam_users`
--

/*!40000 ALTER TABLE `jam_users` DISABLE KEYS */;
INSERT INTO `jam_users` (`username`,`password`,`enabled`) VALUES 
 ('admin','YDZcavIlBA+nceQVy6h1MJwtLoD6xQ64BHHaVH4SP9G83L0x1rr3WSFIExD42ObflQs/7MqdfSpdf/IPIm4LTjdEvUzqWnQo',1);
/*!40000 ALTER TABLE `jam_users` ENABLE KEYS */;


--
-- Definition of table `jam_virtual_wiki`
--

DROP TABLE IF EXISTS `jam_virtual_wiki`;
CREATE TABLE `jam_virtual_wiki` (
  `virtual_wiki_id` int(11) NOT NULL,
  `virtual_wiki_name` varchar(100) NOT NULL,
  `default_topic_name` varchar(200) NOT NULL,
  `create_date` timestamp NOT NULL default CURRENT_TIMESTAMP,
  PRIMARY KEY  (`virtual_wiki_id`),
  UNIQUE KEY `jam_u_vwiki_name` (`virtual_wiki_name`)
) ENGINE=InnoDB DEFAULT CHARSET=utf8;

--
-- Dumping data for table `jam_virtual_wiki`
--

/*!40000 ALTER TABLE `jam_virtual_wiki` DISABLE KEYS */;
INSERT INTO `jam_virtual_wiki` (`virtual_wiki_id`,`virtual_wiki_name`,`default_topic_name`,`create_date`) VALUES 
 (1,'en','StartingPoints','2009-06-16 15:13:05');
/*!40000 ALTER TABLE `jam_virtual_wiki` ENABLE KEYS */;


--
-- Definition of table `jam_watchlist`
--

DROP TABLE IF EXISTS `jam_watchlist`;
CREATE TABLE `jam_watchlist` (
  `wiki_user_id` int(11) NOT NULL,
  `topic_name` varchar(200) NOT NULL default '',
  `virtual_wiki_id` int(11) NOT NULL,
  PRIMARY KEY  (`wiki_user_id`,`topic_name`,`virtual_wiki_id`),
  KEY `jam_f_wlist_vwiki` (`virtual_wiki_id`),
  CONSTRAINT `jam_f_wlist_userid` FOREIGN KEY (`wiki_user_id`) REFERENCES `jam_wiki_user` (`wiki_user_id`),
  CONSTRAINT `jam_f_wlist_vwiki` FOREIGN KEY (`virtual_wiki_id`) REFERENCES `jam_virtual_wiki` (`virtual_wiki_id`)
) ENGINE=InnoDB DEFAULT CHARSET=utf8;

--
-- Dumping data for table `jam_watchlist`
--

/*!40000 ALTER TABLE `jam_watchlist` DISABLE KEYS */;
/*!40000 ALTER TABLE `jam_watchlist` ENABLE KEYS */;


--
-- Definition of table `jam_wiki_user`
--

DROP TABLE IF EXISTS `jam_wiki_user`;
CREATE TABLE `jam_wiki_user` (
  `wiki_user_id` int(11) NOT NULL,
  `login` varchar(100) NOT NULL,
  `display_name` varchar(100) default NULL,
  `create_date` timestamp NOT NULL default '0000-00-00 00:00:00',
  `last_login_date` timestamp NOT NULL default CURRENT_TIMESTAMP,
  `create_ip_address` varchar(39) NOT NULL,
  `last_login_ip_address` varchar(39) NOT NULL,
  `default_locale` varchar(8) default NULL,
  `email` varchar(100) default NULL,
  `editor` varchar(50) default NULL,
  `signature` varchar(255) default NULL,
  PRIMARY KEY  (`wiki_user_id`),
  UNIQUE KEY `jam_u_wuser_login` (`login`),
  CONSTRAINT `jam_f_wuser_users` FOREIGN KEY (`login`) REFERENCES `jam_users` (`username`)
) ENGINE=InnoDB DEFAULT CHARSET=utf8;

--
-- Dumping data for table `jam_wiki_user`
--

/*!40000 ALTER TABLE `jam_wiki_user` DISABLE KEYS */;
INSERT INTO `jam_wiki_user` (`wiki_user_id`,`login`,`display_name`,`create_date`,`last_login_date`,`create_ip_address`,`last_login_ip_address`,`default_locale`,`email`,`editor`,`signature`) VALUES 
 (1,'admin',NULL,'2009-06-16 15:13:02','2009-06-16 15:13:02','127.0.0.1','127.0.0.1',NULL,NULL,'toolbar',NULL);
/*!40000 ALTER TABLE `jam_wiki_user` ENABLE KEYS */;




/*!40101 SET SQL_MODE=@OLD_SQL_MODE */;
/*!40014 SET FOREIGN_KEY_CHECKS=@OLD_FOREIGN_KEY_CHECKS */;
/*!40014 SET UNIQUE_CHECKS=@OLD_UNIQUE_CHECKS */;
/*!40101 SET CHARACTER_SET_CLIENT=@OLD_CHARACTER_SET_CLIENT */;
/*!40101 SET CHARACTER_SET_RESULTS=@OLD_CHARACTER_SET_RESULTS */;
/*!40101 SET COLLATION_CONNECTION=@OLD_COLLATION_CONNECTION */;
/*!40101 SET CHARACTER_SET_CLIENT=@OLD_CHARACTER_SET_CLIENT */;
